site,fishID,SAND,MFOL,TURF,MCOR,MCT,MCRO,SHA,ECHI,ANT_ZOA,MFIL,ANT_SCL,POR,HYD_MIL,MCA,HYD,MA,ANT,ANT_GOR,ANT_PLE,CRU,ASC,BRY,NI
florianopolis,SC_AL arv bicho 1 ,17,9,66,0,0,1,0,0,0,7,0,0,0,0,0,0,0,0,0,0,0,0,0
florianopolis,SC_AL ms bicho 1 ,16,29,39,0,0,5,0,0,0,0,0,11,0,0,0,0,0,0,0,0,0,0,0
florianopolis,SC_AL ms bicho 2,6,0,53,0,0,4,4,1,0,26,0,6,0,0,0,0,0,0,0,0,0,0,0
florianopolis,SC_AL ms bicho 3,6,3,21,1,0,35,1,1,0,7,0,22,0,0,3,0,0,0,0,0,0,0,0
florianopolis,SC_AL ms bicho 3v,6,3,21,1,0,35,1,4,0,7,0,22,0,0,0,0,0,0,0,0,0,0,0
florianopolis,SC_AL ms bicho 4,20,6,35,2,0,33,2,0,0,2,0,0,0,0,0,0,0,0,0,0,0,0,0
florianopolis,SC_AL ms bicho 5,24,5,29,1,0,38,1,1,0,0,0,1,0,0,0,0,0,0,0,0,0,0,0
florianopolis,SC_AL ms bicho 6,16,8,42,1,0,28,0,0,0,5,0,0,0,0,0,0,0,0,0,0,0,0,0
florianopolis,SC_AL xa bicho 1 ,20,8,58,1,0,9,0,0,0,0,1,3,0,0,0,0,0,0,0,0,0,0,0
florianopolis,SC_AL xa bicho 2,4,0,45,7,0,44,0,0,0,0,0,0,0,0,0,0,0,0,0,0,0,0,0
florianopolis,SC_AL xa bicho 4,27,6,54,0,0,19,0,0,0,7,0,7,0,0,0,0,0,0,0,0,0,0,0
florianopolis,SC_AL xa bicho 5,4,3,42,15,0,8,0,0,0,8,0,0,0,0,0,0,0,0,0,0,0,0,0
florianopolis,SC_AL xa bicho 6,13,15,43,5,1,12,0,0,0,6,0,5,0,0,0,0,0,0,0,0,0,0,0
florianopolis,SC_AL xa bicho 7,32,13,34,2,0,12,0,0,0,4,0,3,0,0,0,0,0,0,0,0,0,0,0
florianopolis,SC_AL xa bicho 8,32,2,26,5,1,10,0,0,0,2,0,2,0,0,0,0,0,0,0,0,0,0,0
florianopolis,SC_AL xa bicho 9,7,8,55,9,0,16,0,2,0,3,0,0,0,0,0,0,0,0,0,0,0,0,0
florianopolis,SC_AL xa bicho 10,18,2,31,2,0,41,0,0,0,6,0,0,0,0,0,0,0,0,0,0,0,0,0
florianopolis,SC_AL xa bicho 11,28,6,25,2,0,35,0,0,0,4,0,0,0,0,0,0,0,0,0,0,0,0,0
florianopolis,SC_AL xa bicho 12,15,6,19,4,0,52,0,0,0,4,0,0,0,0,0,0,0,0,0,0,0,0,0
florianopolis,SC_JQ bicho 1 ,5,7,43,8,0,26,5,1,0,0,0,0,0,0,0,5,0,0,0,0,0,0,0
florianopolis,SC_JQ bicho 2,7,2,63,1,0,19,3,1,0,0,0,3,0,0,0,1,0,0,0,0,0,0,0
florianopolis,SC_JQ bicho 3,24,1,53,5,0,7,3,0,0,0,0,3,0,0,0,4,0,0,0,0,0,0,0
florianopolis,SC_JQ bicho 4,11,1,49,23,3,4,0,0,0,0,0,9,0,0,0,0,0,0,0,0,0,0,0
florianopolis,SC_JQ bicho 5,44,0,25,13,0,3,2,0,0,1,0,11,0,0,0,0,0,0,0,0,0,0,1
florianopolis,SC_JQ bicho 6,20,0,35,20,0,5,0,0,0,0,0,7,0,0,0,12,0,0,0,0,1,0,0
florianopolis,SC_JQ bicho 7,25,2,36,11,0,4,0,0,0,0,0,9,0,0,0,10,0,0,0,0,3,0,0
florianopolis,SC_JQ bicho 8,8,0,55,24,0,2,0,0,0,1,0,10,0,0,0,0,0,0,0,0,0,0,0
florianopolis,SC_JQ bicho 9,8,1,62,8,0,20,0,0,0,1,0,0,0,0,0,0,0,0,0,0,0,0,0
florianopolis,SC_JQ bicho 10,2,0,32,5,0,32,6,0,0,23,0,0,0,0,0,0,0,0,0,0,0,0,0
florianopolis,SC_JQ bicho 11,8,0,31,1,0,33,8,1,0,17,0,0,0,0,0,1,0,0,0,0,0,0,0
florianopolis,SC_JQ bicho 12,16,0,75,3,0,1,0,1,0,0,0,3,0,0,0,0,0,0,0,0,1,0,0
arraial,Ar_AL bicho 1,8,18,34,4,0,1,1,0,5,0,0,1,0,0,0,0,1,27,0,0,0,0,0
arraial,Ar_AL bicho 2,0,3,11,20,0,0,4,0,0,0,5,0,0,0,0,0,0,17,0,0,0,0,0
arraial,Ar_AL bicho 3,1,53,50,0,0,0,5,0,3,1,4,0,0,0,0,0,0,3,0,0,0,0,0
arraial,Ar_AL bicho 4,0,12,49,0,4,25,2,7,0,1,0,0,0,0,0,0,0,0,0,0,0,0,0
arraial,Ar_AL bicho 5,13,10,18,0,0,0,3,0,26,2,0,0,0,0,0,0,0,28,0,0,0,0,0
arraial,Ar_AL bicho 6,0,17,57,1,0,0,1,0,0,0,0,3,0,0,1,0,0,0,0,0,0,0,0
arraial,Ar_AL bicho 7,15,10,44,2,0,1,3,0,4,0,0,0,0,4,0,0,0,17,0,0,0,0,0
arraial,Ar_DB bicho 1,0,2,26,0,20,13,4,13,0,0,0,2,9,10,0,0,0,0,0,0,1,0,0
arraial,Ar_DB bicho 2,41,2,12,0,1,0,4,0,10,6,0,0,0,0,0,0,0,24,0,0,0,0,0
arraial,Ar_DB bicho 3,15,4,23,0,1,0,3,1,33,9,0,0,1,10,0,0,0,0,0,0,0,0,0
arraial,Ar_DB bicho 4,2,3,23,0,6,3,2,1,48,3,0,0,8,1,0,0,0,0,0,0,0,0,0
arraial,Ar_DB bicho 5,8,0,19,0,0,1,3,0,64,5,0,0,0,0,0,0,0,0,0,0,0,0,0
arraial,Ar_DB bicho 6,14,11,40,9,7,2,4,0,40,1,2,0,0,0,0,0,0,10,0,0,0,0,0
arraial,Ar_DB bicho 7,0,0,10,0,13,2,4,1,67,0,0,0,1,0,0,0,0,0,0,0,2,0,0
arraial,Ar_DB bicho 8,19,0,14,0,0,2,5,0,3,0,0,0,0,0,0,0,0,57,0,0,0,0,0
arraial,Ar_DB bicho 9,4,17,19,0,0,5,14,1,0,0,0,2,0,0,0,0,0,38,0,0,0,0,0
arraial,Ar_DB bicho 10,2,36,17,0,0,1,14,0,6,0,0,0,0,0,0,0,0,44,0,0,0,0,0
arraial,Ar_DB bicho 11,0,39,31,0,0,1,8,0,6,1,4,4,0,0,0,0,0,6,0,0,0,0,0
arraial,Ar_DB bicho 12,30,18,3,0,0,1,5,0,0,0,0,0,0,0,0,0,0,43,0,0,0,0,0
arraial,Ar_DB bicho 13,1,53,13,0,0,4,7,0,12,1,3,0,0,0,0,0,0,6,0,0,0,0,0
arraial,Ar_DB bicho 14,10,42,18,0,0,3,8,0,1,0,0,4,0,0,0,0,0,14,0,0,0,0,0
arraial,Ar_DB bicho 15,0,41,13,0,7,3,13,0,3,0,0,2,0,0,0,0,0,18,0,0,0,0,0
arraial,Ar_DB bicho 16,2,8,16,0,10,29,13,6,14,0,0,0,0,0,0,0,0,2,0,0,0,0,0
arraial,Ar_DB bicho 17,1,37,31,4,3,6,13,2,0,1,0,0,1,0,0,0,0,1,0,0,0,0,0
arraial,Ar_GL pvbicho 1,0,2,25,0,0,1,0,0,62,2,0,0,0,8,0,0,0,0,0,0,0,0,0
arraial,Ar_GL pvbicho 2,55,5,15,1,0,1,0,0,0,0,0,0,0,23,0,0,0,0,0,0,0,0,0
arraial,Ar_GL pvbicho 3,22,2,36,0,0,1,1,0,4,24,8,0,0,0,0,0,0,2,0,0,0,0,0
arraial,Ar_GL pvbicho 4,7,0,27,0,0,7,0,1,15,30,0,0,12,1,0,0,0,0,0,0,0,0,0
arraial,Ar_GL pvbicho 5,61,20,6,0,0,0,0,0,0,3,1,0,0,0,0,0,0,9,0,0,0,0,0
arraial,Ar_GL pvbicho 6,43,48,7,0,0,0,0,0,0,2,0,0,0,0,0,0,0,0,0,0,0,0,0
arraial,Ar_GL pvbicho 7,24,24,49,0,0,0,0,0,0,3,0,0,0,0,0,0,0,0,0,0,0,0,0
arraial,Ar_GL pvbicho 8,0,1,22,0,0,1,0,0,93,0,0,3,0,0,0,0,0,0,0,0,0,0,0
arraial,Ar_GL pvbicho 9,52,1,7,0,0,0,1,0,14,8,2,0,8,0,0,0,0,7,0,0,0,0,0
arraial,Ar_GL sabicho 1,19,15,24,4,0,3,1,0,5,0,0,1,1,0,0,0,0,7,0,0,0,0,0
arraial,Ar_GL sabicho 2,33,14,9,0,0,1,0,0,0,0,0,2,0,0,0,0,0,40,1,0,0,0,0
arraial,Ar_GL sabicho 3,17,63,24,0,1,4,0,1,0,0,0,0,0,9,0,0,0,41,0,0,0,0,0
arraial,Ar_GL sabicho 6,45,15,6,0,0,0,0,0,0,2,0,0,0,0,0,0,0,31,0,0,0,0,1
arraial,Ar_GL sabicho 7,38,25,8,0,0,3,0,0,0,0,0,1,0,0,0,0,0,25,0,0,0,0,0
arraial,Ar_GL sabicho 8,25,20,13,0,0,1,0,0,14,0,2,0,0,0,0,0,0,25,0,0,0,0,0
arraial,Ar_GL sabicho 9,22,26,12,0,3,0,0,0,12,4,0,0,0,0,0,0,0,21,0,0,0,0,0
arraial,Ar_GL sabicho 9v2,7,24,38,0,1,1,1,0,0,0,8,1,0,0,0,0,0,18,0,0,0,0,1
arraial,Ar_GL sabicho 10,24,7,30,0,3,2,1,0,0,0,1,3,0,0,0,0,0,29,0,0,0,0,0
abrolhos,AB_AL_dia 1m peixe1,3,0,43,4,3,14,9,4,0,0,0,0,0,0,0,0,0,0,0,0,0,0,0
abrolhos,AB_AL_dia 1tarde peixe1,8,36,63,0,0,0,4,1,0,0,8,0,0,0,0,0,0,0,0,0,0,0,0
abrolhos,AB_AL_dia 1tarde peixe3,30,38,21,0,0,0,1,0,0,10,0,0,0,0,0,0,0,0,0,0,0,0,0
abrolhos,AB_AL_dia 1tarde peixe4,1,18,54,0,0,4,3,0,18,0,0,1,1,0,0,0,0,0,0,0,0,0,0
abrolhos,AB_AL_dia 1tarde peixe5,8,22,60,1,2,1,5,1,0,0,0,0,0,0,0,0,0,0,0,0,0,0,0
abrolhos,AB_AL_dia 1tarde peixe6,1,2,51,1,0,3,5,2,18,0,16,1,0,0,0,0,0,0,0,0,0,0,0
abrolhos,AB_AL_dia 1tarde peixe8,0,20,56,0,0,0,0,0,0,1,13,0,10,0,0,0,0,0,0,0,0,0,0
abrolhos,AB_AL_dia 1tarde peixe9,0,20,56,0,0,0,0,0,0,1,13,0,10,0,0,0,0,0,0,0,0,0,0
abrolhos,AB_AL_dia 2m peixe1,1,1,65,0,12,7,6,0,0,1,5,0,0,2,0,0,0,0,0,0,0,0,0
abrolhos,AB_AL_dia 2m peixe2,0,7,47,1,29,7,2,0,0,0,5,0,0,0,0,0,0,0,0,0,0,0,2
abrolhos,AB_AL_dia 2m peixe3,4,0,37,1,28,2,2,0,20,0,6,0,0,0,0,0,0,0,0,0,0,0,0
abrolhos,AB_AL_dia 2m peixe4,25,31,33,0,26,0,1,0,0,0,0,0,0,4,0,0,0,0,0,0,0,0,0
abrolhos,AB_AL_dia 2m peixe5,52,10,27,0,4,0,2,1,0,3,0,1,0,0,0,0,0,0,0,0,0,0,0
abrolhos,AB_AL_dia 3m peixe1,4,51,41,2,0,8,6,0,0,0,7,1,0,0,0,0,0,0,0,0,0,0,0
abrolhos,AB_AL_dia 3m peixe2,0,1,63,0,1,4,6,0,1,0,24,0,0,0,0,0,0,0,0,0,0,0,0
abrolhos,AB_AL_dia 3t peixe1,0,3,49,0,4,1,5,5,5,1,22,0,5,0,0,0,0,0,0,0,0,0,0
abrolhos,AB_AL_dia 3t peixe2,0,9,72,0,0,7,2,2,0,0,8,0,0,0,0,0,0,0,0,0,0,0,0
abrolhos,AB_AL_dia 3t peixe3,2,46,23,1,0,0,5,0,0,0,23,0,0,0,0,0,0,0,0,0,0,0,0
abrolhos,AB_AL_dia 3t peixe4,0,5,74,0,0,0,7,1,0,0,13,0,0,0,0,0,0,0,0,0,0,0,0
abrolhos,AB_AL_dia 3t peixe5,15,23,40,0,0,0,8,0,0,0,14,0,0,0,0,0,0,0,0,0,0,0,0
abrolhos,AB_AL_dia 3t peixe6,1,54,34,0,0,0,10,0,0,0,1,0,0,0,0,0,0,0,0,0,0,0,0
abrolhos,AB_AL_dia 3t peixe7,2,10,56,0,0,0,12,0,0,0,14,0,6,0,0,0,0,0,0,0,0,0,0
abrolhos,AB_AL_dia 3t peixe8,1,3,58,0,0,3,2,2,2,0,29,0,0,0,0,0,0,0,0,0,0,0,0
abrolhos,AB_AL_dia 3t peixe9,3,10,50,0,0,0,6,0,0,2,49,0,0,0,0,0,0,0,0,0,0,0,0
abrolhos,AB_AL_dia 4t peixe2,0,5,30,1,21,2,1,0,26,0,13,0,0,1,0,0,0,0,0,0,0,0,0
abrolhos,AB_AL_dia 4t peixe3,0,9,38,0,23,3,0,0,10,0,17,0,0,0,0,0,0,0,0,0,0,0,0
abrolhos,AB_AL_dia 4t peixe4,0,0,55,0,11,0,12,0,0,0,42,0,0,0,0,0,0,0,0,0,0,0,0
abrolhos,AB_AL_dia 4t peixe5,0,9,41,2,8,4,9,0,0,0,24,0,3,0,0,0,0,0,0,0,0,0,0
abrolhos,AB_AL_dia 4t peixe6,0,16,24,0,8,1,4,0,5,0,22,0,0,0,0,0,0,0,0,0,0,0,0
abrolhos,AB_AL_dia 4t peixe7,5,2,55,0,16,1,5,0,1,0,12,0,3,0,0,0,0,0,0,0,0,0,0
abrolhos,AB_AL_dia 4t peixe8,0,0,40,0,1,0,2,0,6,0,9,0,2,0,0,0,0,0,0,0,0,0,0
abrolhos,AB_AL_dia 5t peixe2,2,5,29,0,0,2,3,2,17,8,52,0,0,0,0,0,0,0,0,0,0,0,0
abrolhos,AB_AL_dia 5t peixe3,2,7,24,0,0,0,1,0,23,0,42,0,0,0,0,0,1,0,0,0,0,0,0
abrolhos,AB_AL_dia 5t peixe4,3,28,45,0,0,4,0,2,1,0,15,0,2,0,0,0,0,0,0,0,0,0,0
abrolhos,AB_AL_dia 5t peixe5,0,2,49,0,0,0,2,0,0,0,27,0,0,0,0,0,0,0,0,0,0,0,0
abrolhos,AB_AL_dia 5t peixe6,9,21,41,0,0,0,0,0,2,0,27,0,0,0,0,0,0,0,0,0,0,0,0
abrolhos,AB_AL_dia 5t peixe7,1,0,14,2,0,5,1,3,16,0,32,0,6,0,0,0,0,0,0,0,0,0,0
abrolhos,Ab_SF_dia1bicho1,1,17,35,1,0,14,1,0,4,3,24,0,0,0,0,0,0,0,0,0,0,0,0
abrolhos,Ab_SF_dia1bicho2,11,29,56,22,3,11,1,0,12,0,14,0,1,0,0,0,0,0,0,0,0,0,0
abrolhos,Ab_SF_dia1bicho3,2,7,72,1,0,0,1,0,0,0,16,0,1,0,0,0,0,0,0,0,0,0,0
abrolhos,Ab_SF_dia1bicho4,2,4,61,0,0,3,3,0,0,4,20,0,3,0,0,0,0,0,0,0,0,0,0
abrolhos,Ab_SF_dia1bicho5,7,14,64,2,2,0,1,0,0,1,5,0,4,0,0,0,0,0,0,0,0,0,0
abrolhos,Ab_SF_dia2bicho1,0,0,11,0,33,0,1,0,54,0,1,0,0,0,0,0,0,0,0,0,0,0,0
abrolhos,Ab_SF_dia2bicho2,18,0,37,0,1,4,12,0,7,1,0,0,0,0,0,0,0,0,0,0,0,0,0
abrolhos,Ab_SF_dia2bicho3,20,0,62,0,0,5,5,0,7,0,0,0,0,0,0,0,0,1,0,0,0,0,0
abrolhos,Ab_SF_dia2bicho4,43,0,23,0,7,1,2,0,1,3,0,0,0,0,0,0,0,0,0,0,0,0,0
abrolhos,Ab_SF_dia3bicho1,3,13,48,1,2,10,1,0,0,1,40,1,0,0,0,0,0,0,0,0,0,0,0
abrolhos,Ab_SF_dia3bicho3,7,87,51,17,10,1,5,0,0,0,2,0,0,0,0,0,0,0,0,0,0,0,0
abrolhos,Ab_SF_dia3bicho4,5,49,13,14,19,0,0,0,0,0,0,0,0,0,0,0,0,0,0,0,0,0,0
abrolhos,Ab_SF_dia3bicho5,10,18,63,0,0,8,2,4,0,0,35,0,0,0,0,0,0,0,0,0,0,0,0
abrolhos,Ab_SF_dia3bicho6,0,2,50,20,0,6,3,1,2,0,16,0,0,0,0,0,0,0,0,0,0,0,0
abrolhos,Ab_SF_dia3bicho7,1,0,36,0,0,13,1,0,26,0,15,0,0,0,0,0,0,0,8,0,0,0,0
abrolhos,Ab_SF_dia3tarde bicho1,0,7,75,0,0,2,2,0,0,0,12,0,2,0,0,0,0,0,0,0,0,0,0
abrolhos,Ab_SF_dia3tarde bicho2,1,14,48,0,0,6,5,0,0,1,44,0,1,0,0,0,0,0,0,0,0,0,0
abrolhos,Ab_SF_dia3tarde bicho3,6,44,59,0,2,1,1,0,0,0,7,0,0,0,0,0,0,0,0,0,0,0,0
abrolhos,Ab_SF_dia3tarde bicho4-5,6,14,58,4,1,1,11,0,0,2,22,0,1,0,0,0,0,0,0,0,0,0,0
abrolhos,Ab_SF_dia3tarde bicho6,0,26,55,4,0,3,4,1,0,0,23,0,4,0,0,0,0,0,0,0,0,0,0
abrolhos,Ab_SF_dia3tarde bicho7,3,24,76,0,0,2,0,19,4,2,10,0,0,0,0,0,0,0,0,0,0,0,0
abrolhos,Ab_SF_dia3tarde bicho8,0,27,52,2,0,5,0,13,0,0,1,0,0,0,0,0,0,0,0,0,0,0,0
tamandare,PE_ALdia 2 bicho 1,40,38,10,30,0,0,2,0,0,0,0,0,0,0,0,0,0,0,0,0,0,0,0
tamandare,PE_ALdia 2 bicho 2,13,43,0,21,2,0,0,0,0,1,0,0,0,0,0,0,0,0,0,0,0,0,0
tamandare,PE_ALdia 2 bicho 3,51,11,2,31,1,0,2,2,0,0,0,0,0,0,0,0,0,0,0,0,0,0,0
tamandare,PE_ALdia 2 bicho 4,50,1,9,10,35,1,1,4,9,0,0,0,0,0,0,0,0,0,0,0,0,0,0
tamandare,PE_ALdia 2 bicho 5,32,12,5,16,13,2,0,0,0,0,0,0,0,0,0,0,0,0,0,0,0,0,0
tamandare,PE_ALdia 2 bicho 6,54,17,23,2,2,0,2,0,0,0,0,0,0,0,0,0,0,0,0,0,0,0,0
tamandare,PE_ALdia 2 bicho 7,34,24,18,15,3,0,2,2,17,0,5,0,0,0,0,0,0,0,0,0,0,0,0
tamandare,PE_ALdia 2 bicho 8,40,27,23,0,5,8,3,10,0,3,1,0,0,0,0,0,0,0,0,0,0,0,0
tamandare,PE_ALdia 2 bicho 9,24,55,7,0,11,0,1,2,0,0,0,0,0,0,0,0,0,0,0,0,0,0,0
tamandare,PE_ALdia 2 bicho 10,28,9,29,0,29,1,0,3,0,0,1,0,0,0,0,0,0,0,0,0,0,0,0
tamandare,PE_AL dia 4 bicho 1,61,25,7,5,0,0,0,0,0,2,0,0,0,0,0,0,0,0,0,0,0,0,0
tamandare,PE_AL dia 4 bicho 2,27,23,23,1,11,0,2,0,0,5,0,0,8,0,0,0,0,0,0,0,0,0,0
tamandare,PE_AL dia 4 bicho 3,58,5,23,5,5,0,1,0,0,3,0,0,0,0,0,0,0,0,0,0,0,0,0
tamandare,PE_AL dia 4 bicho 4,51,6,21,3,3,11,2,0,0,0,3,0,0,0,0,0,0,0,0,0,0,0,0
tamandare,PE_AL dia 4 bicho 5,45,26,22,1,24,0,1,0,0,0,1,0,0,0,0,0,0,0,0,0,0,0,0
tamandare,PE_AL dia 4 bicho 6,46,15,22,22,8,0,2,0,0,0,5,0,0,0,0,0,0,0,0,0,0,0,0
tamandare,PE_AL dia 4 bicho 7,38,26,10,10,4,10,1,0,0,1,0,0,0,0,0,0,0,0,0,0,0,0,0
tamandare,PE_AL dia 5 bicho 1,24,8,31,24,12,0,0,0,0,1,0,0,0,0,0,0,0,0,0,0,0,0,0
tamandare,PE_AL dia 5 bicho 2,23,5,25,30,17,0,0,0,0,0,0,0,0,0,0,0,0,0,0,0,0,0,0
tamandare,PE_AL dia 5 bicho 3,17,10,30,7,26,0,1,3,0,3,2,1,0,0,0,0,0,0,0,0,0,0,0
tamandare,PE_AL dia 5 bicho 4,47,7,12,27,0,0,0,1,0,0,0,4,0,2,0,0,0,0,0,0,0,0,0
tamandare,PE_AL dia 5 bicho 5,26,7,4,47,11,3,1,0,0,1,0,0,0,0,0,0,0,0,0,0,0,0,0
tamandare,PE_AL dia 5 bicho 6,44,6,27,33,9,0,1,0,0,0,0,0,0,0,0,0,0,0,0,0,0,0,0
tamandare,PE_AL dia 5 bicho 7,20,42,9,14,9,1,3,1,0,1,0,0,0,0,0,0,0,0,0,0,0,0,0
tamandare,PE_AL dia 5 bicho 8,46,27,14,10,2,0,0,0,0,1,0,0,0,0,0,0,0,0,0,0,0,0,0
tamandare,PE_AL dia 7 bicho 1,41,34,3,32,9,0,0,0,0,1,0,0,0,0,0,0,0,0,0,0,0,0,0
tamandare,PE_AL dia 7 bicho 2,16,22,41,2,15,1,0,0,0,3,0,0,0,0,0,0,0,0,0,0,0,0,0
tamandare,PE_AL dia 7 bicho 3,14,43,8,60,9,0,0,0,0,2,1,3,0,0,0,0,0,0,0,0,0,0,0
tamandare,PE_AL dia 7 bicho 4,38,10,21,30,0,1,0,0,0,0,0,0,0,0,0,0,0,0,0,0,0,0,0
tamandare,PE_J_bicho 1,31,40,8,0,1,8,8,4,0,0,0,0,0,0,0,0,0,0,0,0,0,0,0
tamandare,PE_J_bicho 2,34,62,1,0,0,0,0,0,3,0,0,0,0,0,0,0,0,0,0,0,0,0,0
tamandare,PE_LC_bicho 1 dia 4,63,28,7,0,2,0,0,0,0,0,0,0,0,0,0,0,0,0,0,0,0,0,0
tamandare,PE_LC_bicho 1 dia 5,65,7,6,0,0,0,1,1,0,0,0,0,0,0,0,0,0,0,0,0,0,0,0
tamandare,PE_LC_bicho 2 dia 4,92,0,8,0,0,0,0,0,0,0,0,0,0,0,0,0,0,0,0,0,0,0,0
tamandare,PE_LC_bicho 2 dia 5,45,11,35,0,0,0,4,5,0,0,0,0,0,0,0,0,0,0,0,0,0,0,0
tamandare,PE_LC_bicho 3 dia 4,35,30,15,1,15,0,1,0,3,0,0,0,0,0,0,0,0,0,0,0,0,0,0
tamandare,PE_LC_bicho 3 dia 5,72,11,11,0,1,1,4,0,0,0,0,0,0,0,0,0,0,0,0,0,0,0,0
tamandare,PE_LC_bicho 4 dia 5,53,10,14,1,0,0,0,0,0,0,0,1,0,0,1,0,0,0,0,0,0,0,0
tamandare,PE_LC_bicho 5 dia 5,2,48,0,20,2,0,0,0,0,0,8,0,0,0,0,0,0,0,0,0,0,0,0
tamandare,PE_LC_bicho 5 dia 5v2,21,52,0,17,7,1,2,0,0,0,0,0,0,0,0,0,0,0,0,0,0,0,0
tamandare,PE_LC_bicho 6 dia 5,4,50,4,22,0,0,0,0,0,0,0,0,0,0,0,0,0,0,0,0,0,0,0
tamandare,PE_LC_bicho 7 dia 5,10,105,4,1,0,0,0,0,0,0,0,0,0,0,0,0,0,0,0,0,0,0,0
guarapari,bicho 1 (2),5,8,30,0,0,4,0,4,0,0,0,34,0,13,0,2,0,0,0,0,0,0,0
guarapari,bicho 1 dia 28,7,22,12,0,0,0,0,0,0,0,0,6,0,25,0,2,0,1,5,0,0,0,0
guarapari,bicho 1 dia 30,3,11,37,0,0,2,0,0,0,0,0,8,0,12,0,1,0,0,6,0,0,0,0
guarapari,bicho 1,8,4,28,0,0,1,0,0,0,0,0,23,0,7,0,9,0,0,0,0,0,0,0
guarapari,bicho 2(2),12,19,28,0,0,2,1,0,0,0,0,15,0,15,1,5,0,4,17,0,0,1,0
guarapari,bicho 2 dia 28,8,7,30,2,0,0,0,1,0,0,0,13,0,26,0,0,0,3,10,0,0,0,0
guarapari,bicho 2 dia 30,8,13,25,0,0,7,0,0,1,0,0,17,0,22,0,5,0,0,1,1,0,0,0
guarapari,bicho 2,36,7,20,0,0,0,0,0,0,0,0,7,0,0,0,6,0,0,0,4,0,0,0
guarapari,bicho 3 (2),20,22,48,0,0,1,0,1,0,0,0,15,0,3,0,3,0,1,6,0,0,0,0
guarapari,bicho 3 Dia 28,0,15,39,0,0,1,0,0,0,0,0,25,0,15,0,2,0,0,3,0,0,0,0
guarapari,bicho 3 dia 30,6,18,26,0,2,3,0,1,0,0,0,17,0,20,0,1,0,1,3,2,0,0,0
guarapari,bicho 3 ,56,3,19,2,0,0,0,0,0,0,0,3,7,6,0,1,0,1,1,1,0,0,0
guarapari,bicho 4(2),4,24,41,1,0,4,0,1,0,0,0,13,0,3,0,3,0,4,2,0,0,0,0
guarapari,Bicho 4 dia 28,10,23,48,0,0,2,0,0,0,0,0,2,0,20,0,7,0,0,7,1,0,0,0
guarapari,bicho 4 dia 30 ,0,10,17,0,0,1,0,0,0,0,0,32,0,15,0,3,0,1,1,0,0,0,0
guarapari,bicho 4,7,14,54,0,0,0,0,2,0,0,0,11,4,16,0,22,0,1,8,1,0,0,0
guarapari,bicho 5 dia 30,7,24,28,0,0,3,0,0,0,0,0,13,0,19,0,10,0,6,10,0,0,0,0
guarapari,bicho 5,10,22,45,0,0,1,0,1,0,0,0,8,0,9,0,0,0,2,0,2,0,0,0
guarapari,bicho 6(2),10,2,34,0,0,3,0,7,0,0,0,15,0,3,0,0,0,0,6,0,0,0,0
guarapari,bicho 6 (3),17,30,64,0,0,1,0,2,0,0,1,19,0,3,0,0,0,1,2,0,0,0,0
guarapari,bicho 6,4,14,16,0,0,4,0,0,1,0,0,17,1,22,0,12,0,7,0,2,0,0,0
guarapari,bicho 7(2),6,31,38,0,0,0,0,8,0,0,0,19,1,9,0,0,0,4,4,0,0,0,0
guarapari,bicho 7(3) ,8,43,18,0,0,0,0,0,0,0,0,20,0,18,0,1,0,1,11,0,0,0,0
guarapari,bicho 7,11,17,46,0,0,3,0,0,0,0,0,11,0,3,0,1,0,3,0,5,0,0,0
guarapari,bicho 8 (2),9,3,32,0,0,4,0,0,0,0,1,12,0,22,1,2,0,2,12,0,0,0,0
guarapari,bicho 8(3),22,32,25,0,0,2,0,0,0,0,0,38,0,25,0,7,0,6,3,0,0,0,0
guarapari,bicho 8,29,6,16,0,0,1,0,0,0,0,0,6,0,2,0,4,0,11,2,3,0,0,0
guarapari,bicho 8a,11,12,25,0,0,1,0,1,0,0,0,11,0,18,0,19,0,0,2,0,0,0,0
guarapari,bicho 9(2),24,6,66,0,0,1,0,5,0,0,4,8,2,4,0,0,0,0,0,0,0,0,0
guarapari,bicho 9 (3),12,22,20,0,0,0,0,0,0,0,0,24,0,16,0,5,0,1,0,0,0,0,0
guarapari,bicho 9,15,12,35,0,0,4,0,0,3,0,0,6,3,8,0,7,0,0,7,0,0,0,0
guarapari,bicho 10(2),33,36,30,0,0,1,0,1,0,0,2,14,0,11,1,0,0,5,5,1,0,0,0
guarapari,bicho 10,6,3,52,0,0,1,0,3,0,0,0,21,3,5,0,0,0,0,6,0,0,0,0
guarapari,bicho 11(2),6,20,32,0,0,3,0,0,0,0,1,24,0,13,0,1,0,0,0,0,0,0,0
guarapari,bicho 11,16,29,39,0,0,0,0,0,0,0,0,17,0,13,0,0,0,4,2,0,0,0,0
guarapari,bicho 11a,13,22,17,0,0,0,0,0,0,0,0,19,0,19,0,3,0,0,7,0,0,0,0
guarapari,bicho 12,5,8,45,0,0,3,0,5,0,0,0,17,1,14,0,0,0,0,2,0,0,0,0
guarapari,bicho 12a ,13,28,25,1,0,3,0,0,0,0,0,18,0,16,1,3,0,1,11,0,0,0,0
guarapari,bicho5,8,7,29,0,0,2,0,0,0,0,0,42,1,18,0,12,0,1,0,0,0,0,0
guarapari,bicho10,22,4,34,0,0,1,0,0,0,0,0,11,0,8,0,11,4,1,2,2,0,0,0
guarapari,bicho11,2,0,29,0,0,0,0,12,0,0,0,3,48,4,0,2,0,0,0,0,0,0,0
salvador,px01 jpq,3,0,9,0,0,6,0,2,76,0,0,4,0,0,0,0,0,0,0,0,0,0,0
salvador,px 1 07D,86,0,12,0,0,2,0,0,0,0,0,0,0,0,0,0,0,0,0,0,0,0,0
salvador,px 1 jpq,21,2,19,0,3,15,0,0,36,0,0,0,0,4,0,0,0,0,0,0,0,0,0
salvador,px 2 07D,23,0,10,0,5,4,0,1,35,0,0,6,0,16,0,0,0,0,0,0,0,0,0
salvador,px 2 JPQ,11,0,28,0,1,12,0,2,40,0,0,2,0,4,0,0,0,0,0,0,0,0,0
salvador,px 3 07d,0,0,8,0,3,4,0,0,71,0,0,0,0,14,0,0,0,0,0,0,0,0,0
salvador,px 3 JPQ,20,2,27,0,0,5,0,2,37,0,0,3,0,4,0,0,0,0,0,0,0,0,0
salvador,px 4 D,8,0,12,0,0,0,0,1,75,0,0,0,0,4,0,0,0,0,0,0,0,0,0
salvador,PX4 JPQ,2,0,0,0,10,0,0,3,84,0,0,1,0,0,0,0,0,0,0,0,0,0,0
salvador,px 7 07D,19,0,67,0,1,0,0,0,11,0,0,0,0,2,0,0,0,0,0,0,0,0,0
salvador,px 7 jpq,12,13,37,0,0,7,0,0,17,0,0,6,0,8,0,0,0,0,0,0,0,0,0
salvador,px 8 07D,3,0,19,0,0,1,0,1,76,0,0,0,0,0,0,0,0,0,0,0,0,0,0
salvador,px 8 JPQ,5,6,36,0,0,10,0,4,38,0,0,0,0,1,0,0,0,0,0,0,0,0,0
salvador,px 9 07D,1,4,3,0,0,1,0,0,89,0,0,0,0,2,0,0,0,0,0,0,0,0,0
salvador,px 9 JPQ,17,14,28,0,3,3,0,0,49,0,0,1,0,5,0,0,0,0,0,0,0,0,0
salvador,peixe cinco 07D,1,3,5,0,0,5,0,0,78,0,0,0,0,8,0,0,0,0,0,0,0,0,0
salvador,peixe cinco jpq,10,0,23,0,0,5,0,1,58,0,0,1,0,2,0,0,0,0,0,0,0,0,0
salvador,peixe dia 7 1 A,8,2,24,0,0,5,0,3,75,3,0,0,0,0,0,0,0,0,0,0,0,0,0
salvador,peixe dia 7 2 A,0,3,8,0,0,5,0,1,82,0,0,1,0,0,0,0,0,0,0,0,0,0,0
salvador,peixe dia 7 3 A,0,0,12,0,0,5,0,3,79,0,0,1,0,0,0,0,0,0,0,0,0,0,0
salvador,peixe dia 7 4 A,0,2,15,0,0,3,0,3,76,0,0,1,0,0,0,0,0,0,0,0,0,0,0
salvador,peixe dia 7 cinco A,2,5,30,0,11,8,0,2,42,0,0,0,0,0,0,0,0,0,0,0,0,0,0
salvador,peixe dia 7 seis A,0,4,20,0,0,21,0,2,47,0,0,1,0,5,0,0,0,0,0,0,0,0,0
salvador,peixe dia 7 7 A,0,3,6,0,0,15,0,6,70,0,0,0,0,0,0,0,0,0,0,0,0,0,0
salvador,peixe dia 7 8 A,0,0,7,0,0,7,0,9,76,1,0,0,0,0,0,0,0,0,0,0,0,0,0
salvador,peixe dia 7 9 A,0,0,10,0,0,2,0,3,85,0,0,0,0,0,0,0,0,0,0,0,0,0,0
salvador,peixe dia 7 10 A,0,0,7,0,0,1,0,2,89,0,0,0,0,1,0,0,0,0,0,0,0,0,0
salvador,peixe seis 07D,4,2,17,0,2,0,0,0,63,0,0,0,0,12,0,0,0,0,0,0,0,0,0
salvador,peixe seis jpq,19,3,19,0,0,3,0,3,44,0,2,1,0,6,0,0,0,0,0,0,0,0,0
salvador,peixe 1 barra 03 J,62,0,17,0,0,1,0,5,15,0,0,0,0,0,0,0,0,0,0,0,0,0,0
salvador,px 1 dia 4,0,13,25,0,0,5,0,11,46,0,0,0,0,0,0,0,0,0,0,0,0,0,0
salvador,peixe 1 p 03d,2,0,21,0,0,7,0,0,50,0,0,0,0,0,0,0,0,0,0,0,0,0,0
salvador,peixe 2 barra 03j,34,4,34,2,0,17,0,1,0,0,8,0,0,0,0,0,0,0,0,0,0,0,0
salvador,peixe 2 dia 4,4,9,23,0,0,3,0,5,56,0,0,0,0,0,0,0,0,0,0,0,0,0,0
salvador,peixe 2 p 03 D,71,0,29,0,0,0,0,0,0,0,0,0,0,0,0,0,0,0,0,0,0,0,0
salvador,peixe 3 barra 03j,5,0,21,0,0,1,0,4,67,1,1,0,0,0,0,0,0,0,0,0,0,0,0
salvador,peixe 3 di 4,10,8,22,0,0,3,0,1,56,0,0,0,0,0,0,0,0,0,0,0,0,0,0
salvador,peixe 3 o 03 D,0,18,6,0,0,9,0,0,47,8,12,0,0,0,0,0,0,0,0,0,0,0,0
salvador,peixe 4 dia 4,1,0,21,0,0,7,0,6,65,0,0,0,0,0,0,0,0,0,0,0,0,0,0
salvador,peixe 4 p03 D,3,12,13,0,0,4,0,2,51,3,12,0,0,0,0,0,0,0,0,0,0,0,0
salvador,peixe  cinco barra 03J,1,2,5,0,0,2,0,2,70,3,0,0,0,14,0,0,0,0,0,0,0,0,1
salvador,peixe cinco  dia 4,3,23,9,0,0,6,0,9,50,0,0,0,0,0,0,0,0,0,0,0,0,0,0
salvador,px cinco p03D,0,0,23,0,0,1,0,0,32,4,40,0,0,0,0,0,0,0,0,0,0,0,0
salvador,peixe seis barra 03j,1,1,48,1,0,5,0,9,44,9,1,0,0,1,0,0,0,0,0,0,0,0,0
salvador,peise seis dia 4,0,36,15,0,0,3,0,0,44,0,0,0,0,2,0,0,0,0,0,0,0,0,0
salvador,peixe seis p03 D,0,2,11,0,0,0,0,3,75,0,29,0,0,0,0,0,0,0,0,0,0,0,0
salvador,peixe 7 barra 03j,10,24,22,0,0,4,0,1,66,4,1,0,0,8,0,0,0,0,0,0,0,0,0
salvador,peixe 7 dia 4,2,13,7,0,0,5,0,0,73,0,0,0,0,0,0,0,0,0,0,0,0,0,0
salvador,peixe 7 p 03D,0,3,1,0,0,6,0,2,68,0,20,0,0,0,0,0,0,0,0,0,0,0,0
salvador,peixe 8 barra 03 j,7,15,31,0,0,3,0,1,39,2,0,0,0,2,0,0,0,0,0,0,0,0,0
salvador,peixe 8 dia 4,16,45,20,0,0,3,0,0,7,0,1,0,8,0,0,0,0,0,0,0,0,0,0
salvador,peixe 8 p03D,0,17,33,0,0,0,0,4,27,0,17,0,2,0,0,0,0,0,0,0,0,0,0
salvador,peixe 9 barra 03 j,1,8,26,0,0,9,0,1,54,0,0,0,0,1,0,0,0,0,0,0,0,0,0
salvador,peixe 9 dia 4,9,23,33,0,0,4,0,0,29,0,1,1,0,0,0,0,0,0,0,0,0,0,0
salvador,peixe 9 p03D,2,2,18,0,0,4,0,7,64,0,0,0,1,0,0,0,2,0,0,0,0,0,0
salvador,peixe 10 barra 03j,3,7,9,0,0,7,0,2,70,0,0,0,0,2,0,0,0,0,0,0,0,0,0
salvador,peixe 10 dia 4,2,13,12,0,0,7,0,4,51,0,0,6,4,1,0,0,0,0,0,0,0,0,0
salvador,peixe 10 p03D,5,14,36,0,1,4,0,2,36,1,0,0,0,1,0,0,0,0,0,0,0,0,0
salvador,peixe 11 barra 03j,0,14,20,0,0,15,0,1,66,1,1,0,0,2,0,0,0,0,0,0,0,0,0
salvador,peixe 11 dia 4,0,16,7,0,0,3,0,2,71,0,1,0,0,0,0,0,0,0,0,0,0,0,0
salvador,peixe 11 p 03D,0,1,45,0,0,5,0,2,54,0,2,0,11,0,0,0,0,0,0,0,0,0,0
salvador,peixe 12 barra 03j,1,22,16,0,0,8,0,6,47,0,0,0,0,0,0,0,0,0,0,0,0,0,0
salvador,peixe 12 dia 4,7,14,19,0,0,2,0,3,55,0,0,0,0,0,0,0,0,0,0,0,0,0,0
salvador,peixe 12 p03D,17,14,50,0,0,5,0,0,13,1,0,0,0,0,0,0,0,0,0,0,0,0,0
salvador,peise 13 barra 03j,8,23,35,0,0,7,0,1,2,0,0,0,0,24,0,0,0,0,0,0,0,0,0
salvador,peixe 14barra,8,39,29,0,0,2,0,0,7,1,5,0,0,9,0,0,0,0,0,0,0,0,0
salvador,peixe 15 barra,8,1,27,1,0,12,0,11,27,1,14,0,4,14,0,0,0,0,0,0,0,0,0
salvador,peixe 16 barra,0,1,13,0,0,1,0,0,52,0,13,0,0,0,0,0,0,0,0,0,0,0,0
salvador,px 1 yatchj,4,1,83,0,0,1,0,0,0,0,1,6,2,2,0,0,0,0,0,0,0,0,0
salvador,px2 yatchj,0,0,77,0,0,4,0,2,14,3,0,0,0,0,0,0,0,0,0,0,0,0,0
salvador,px3 y,25,7,28,0,0,1,0,0,0,0,0,1,0,0,0,0,0,38,0,0,0,0,0
salvador,px 5 y ,5,1,26,0,0,0,0,0,62,5,0,1,0,0,0,0,0,0,0,0,0,0,0
salvador,px 6 y  ,0,0,44,0,0,5,1,0,23,1,0,5,0,1,0,0,0,0,0,0,0,0,0
salvador,px 7y,16,0,56,0,0,0,1,0,19,0,0,8,0,0,0,0,0,0,0,0,0,0,0
salvador,px8 y,13,0,17,0,0,4,1,1,53,3,1,1,2,4,0,0,0,0,0,0,0,0,0
salvador,px 9 y,16,1,12,0,0,4,0,0,54,1,6,4,2,0,0,0,0,0,0,0,0,0,0
salvador,px 10 y,7,0,16,0,0,5,0,1,69,1,0,1,0,0,0,0,0,0,0,0,0,0,0
salvador,px 11 y,13,0,11,0,0,0,0,1,70,0,0,3,2,0,0,0,0,0,0,0,0,0,0
salvador,px 12 y,22,0,17,0,0,2,0,0,50,1,0,7,1,0,0,0,0,0,0,0,0,0,0
salvador,px 13 y,9,0,6,0,0,0,0,0,78,3,0,4,0,0,0,0,0,0,0,0,0,0,0
salvador,px 14y ,8,0,14,0,0,2,0,0,71,1,0,2,0,2,0,0,0,0,0,0,0,0,0
salvador,px 15,12,0,2,0,0,0,0,2,78,2,0,4,0,0,0,0,0,0,0,0,0,0,0
salvador,px 16,3,0,27,0,0,0,0,0,47,1,10,12,0,0,0,0,0,0,0,0,0,0,0
salvador,px 17y ,18,0,14,0,0,2,0,0,55,0,0,11,0,0,0,0,0,0,0,0,0,0,0
salvador,px 1 yd,3,0,1,0,0,18,0,6,55,0,0,0,17,0,0,0,0,0,0,0,0,0,0
salvador,px 2 yd,14,1,51,0,0,23,0,4,0,0,1,5,0,0,0,0,0,0,0,0,1,0,0
salvador,px 3 y d,0,5,94,0,0,1,0,0,0,0,0,0,0,0,0,0,0,0,0,0,0,0,0
salvador,px 4 yd,1,0,13,0,0,17,3,4,1,0,0,2,59,0,0,0,0,0,0,0,0,0,0
salvador,px 5 yd ,12,2,7,0,0,1,0,1,71,0,0,2,4,0,0,0,0,0,0,0,0,0,0
salvador,px 6 yd,8,0,30,0,0,2,1,0,48,2,0,9,0,0,0,0,0,0,0,0,0,0,0
salvador,px 7 yd,10,0,5,0,0,0,2,0,81,2,0,0,0,0,0,0,0,0,0,0,0,0,0
salvador,px 8 yd,19,0,9,0,0,2,0,0,59,5,0,6,0,0,0,0,0,0,0,0,0,0,0
salvador,px 9 yd,5,0,11,0,0,3,0,1,75,3,0,2,0,0,0,0,0,0,0,0,0,0,0
salvador,px 10 yd,7,0,5,0,0,1,0,0,70,9,0,4,3,1,0,0,0,0,0,0,0,0,0
salvador,px 11 yd,13,0,7,0,0,1,0,0,56,2,3,2,0,15,1,0,0,0,0,0,0,0,0
salvador,px 12 yd,2,0,13,0,0,4,0,0,74,4,0,0,2,1,0,0,0,0,0,0,0,0,0
salvador,px 13 yd,6,0,1,0,0,2,0,0,81,3,0,1,0,6,0,0,0,0,0,0,0,0,0
puerto_rico,PR_ana_2_peixe 1,4,4,40,21,1,3,4,0,0,0,10,10,0,0,0,0,0,20,3,0,0,0,0
puerto_rico,PR_ana_2_peixe 2,0,5,40,31,0,5,8,0,0,0,15,3,0,0,0,0,0,13,0,0,0,0,0
puerto_rico,PR_ana_2_peixe 3,13,0,36,28,0,0,1,0,0,0,9,4,0,0,0,0,0,9,0,0,0,0,0
puerto_rico,PR_ana_2_peixe 4,2,7,35,15,0,0,2,0,0,0,18,10,0,0,0,0,0,11,0,0,0,0,0
puerto_rico,PR_ana_2_peixe 5,9,9,21,11,1,1,1,0,0,0,26,6,0,0,0,0,0,11,2,0,2,0,0
puerto_rico,PR_ana_2_peixe 6,3,1,42,18,3,2,1,0,0,0,15,9,0,0,0,0,0,6,0,0,0,0,0
puerto_rico,PR_ana_2_peixe 7,2,3,32,6,7,0,1,0,0,0,23,3,1,0,0,0,0,21,1,0,0,0,0
puerto_rico,PR_ana_2_peixe 8,3,4,28,17,5,0,1,0,0,0,19,9,0,0,0,0,0,14,0,0,0,0,0
puerto_rico,PR_ana_2_peixe 9,2,2,14,10,2,1,0,0,0,0,18,9,0,0,0,0,0,42,0,0,0,0,0
puerto_rico,PR_ana_3_peixe 1,3,2,52,0,0,1,0,0,0,0,12,4,0,0,0,0,0,25,1,0,0,0,0
puerto_rico,PR_ana_3_peixe 2,1,3,37,0,0,0,0,0,0,0,12,11,0,0,0,0,0,55,1,0,0,0,0
puerto_rico,PR_ana_3_peixe 3,9,3,30,25,1,1,2,0,0,0,20,5,0,0,0,0,0,4,0,0,0,0,0
puerto_rico,PR_ana_3_peixe 5,12,10,27,24,3,3,2,0,0,0,15,1,0,0,0,0,0,3,0,0,0,0,0
puerto_rico,PR_ana_3_peixe 6,4,3,57,16,0,0,1,0,0,0,23,9,0,0,0,0,0,6,1,0,0,0,0
puerto_rico,PR_ana_4_peixe 1,8,8,41,9,0,0,4,0,0,9,17,1,0,0,0,0,0,23,0,0,0,0,0
puerto_rico,PR_ana_4_peixe 2,3,2,44,0,0,2,0,0,0,28,11,0,0,0,0,0,6,4,0,0,0,0,0
puerto_rico,PR_ana1_peixe 1,1,6,22,35,1,0,0,0,0,0,20,13,0,0,0,0,0,2,0,0,0,0,0
puerto_rico,PR_ana1_peixe 3,4,7,35,41,0,0,0,0,0,2,17,2,0,0,0,0,0,32,0,0,0,0,0
puerto_rico,PR_ana1_peixe 6,1,8,53,9,0,0,0,0,0,0,10,11,0,0,0,0,0,28,0,0,0,0,0
puerto_rico,PR_ana1_peixe 7,1,8,53,9,0,0,0,0,0,0,10,11,0,0,0,0,0,28,0,0,0,0,0
puerto_rico,PR_sergio_1_peixe 4,6,3,28,33,13,0,1,0,0,0,26,1,0,0,0,0,0,9,0,0,0,0,0
puerto_rico,PR_sergio_1_peixe 9,2,7,52,78,1,1,0,0,0,1,2,12,0,0,0,0,12,11,0,0,1,0,0
puerto_rico,PR_sergio_3_peixe 2,3,9,75,0,0,1,0,0,0,0,24,12,1,1,0,0,0,34,0,0,0,0,0
puerto_rico,PR_sergio_3_peixe 3,1,0,46,0,0,0,0,0,0,0,14,6,0,0,0,0,0,33,0,0,0,0,0
puerto_rico,PR_sergio_3_peixe 4,1,0,83,0,0,0,0,0,0,0,16,6,1,0,0,0,0,33,0,0,0,0,0
puerto_rico,PR_sergio_3_peixe 5,9,2,50,38,0,0,1,0,0,0,25,7,1,0,0,0,0,27,0,0,0,0,0
puerto_rico,PR_sergio_3_peixe 6,0,4,61,22,0,1,0,0,0,2,18,17,1,0,0,0,0,54,0,0,0,0,0
puerto_rico,PR_sergio_3_peixe 7,1,2,67,49,0,3,1,0,0,2,22,15,0,0,0,0,0,38,0,0,0,0,0
puerto_rico,PR_sergio_4_peixe 1,9,2,60,0,0,1,3,0,0,25,25,1,0,0,0,0,1,33,0,0,0,0,0
puerto_rico,PR_sergio_4_peixe 2,0,12,70,0,0,3,1,0,0,1,7,0,0,0,0,0,0,6,0,0,0,0,0
puerto_rico,PR_sergio_4_peixe 4,0,5,65,1,1,3,3,0,0,12,26,0,0,0,0,0,0,44,0,0,0,0,0